{
    "frequencyMonobitTest": 0.0,
    "frequencyTestWithinBlock": 0.000957,
    "runsTest": 0.0,
    "longestRunOfOnesInABlockTest": 3e-06,
    "binaryMatrixRankTest": 0.062789,
    "discreteFourierTransformTest": 0.311979,
    "nonOverlappingTemplateMatchingTest": 1.9e-05,
    "overlappingTemplateMatchingTest": 0.002738,
    "maurersUniversalStatisticalTest": -1,
    "serialTest": 0.716226,
    "approximateEntropyTest": 0.421881,
    "cumulativeSumsForwardTest": 0.0,
    "cumulativeSumsBackwardTest": 0.0,
    "randomExcursionsTest": [0.925766, 0.931991, 0.876713, 0.287242, 0.876068, 0.61835, 0.10105, 0.008873],
    "randomExcursionsVariantTest": [0.0, 0.191418, 0.16053, 0.127124, 0.113846, 0.231998, 0.257899, 0.273322, 0.527089, 0.342782, 0.583882, 0.777297, 0.81107, 0.75183, 0.702918, 0.79246, 1.0, 0.0]
} {
    "frequencyMonobitTest": 0.0,
    "frequencyTestWithinBlock": 0.154359,
    "runsTest": 0.0,
    "longestRunOfOnesInABlockTest": 8e-06,
    "binaryMatrixRankTest": 0.994039,
    "discreteFourierTransformTest": 0.344455,
    "nonOverlappingTemplateMatchingTest": 0.005466,
    "overlappingTemplateMatchingTest": 0.052007,
    "maurersUniversalStatisticalTest": -1,
    "serialTest": 0.831079,
    "approximateEntropyTest": 0.304497,
    "cumulativeSumsForwardTest": 0.0,
    "cumulativeSumsBackwardTest": 0.0,
    "randomExcursionsTest": [0.99961, 0.999114, 0.996969, 0.962566, 0.699986, 0.010362, 2e-06, 0.0],
    "randomExcursionsVariantTest": [0.863832, 0.855132, 0.844519, 0.83117, 0.813664, 0.789268, 0.75183, 0.683091, 0.4795, 1.0, 1.0, 1.0, 1.0, 0.345779, 0.055009, 0.030984, 0.04461, 0.0]
} {
    "frequencyMonobitTest": 0.0,
    "frequencyTestWithinBlock": 0.000628,
    "runsTest": 0.0,
    "longestRunOfOnesInABlockTest": 0.0,
    "binaryMatrixRankTest": 0.652003,
    "discreteFourierTransformTest": 0.844647,
    "nonOverlappingTemplateMatchingTest": 6.8e-05,
    "overlappingTemplateMatchingTest": 0.024945,
    "maurersUniversalStatisticalTest": -1,
    "serialTest": 0.306352,
    "approximateEntropyTest": 0.222241,
    "cumulativeSumsForwardTest": 0.0,
    "cumulativeSumsBackwardTest": 0.0,
    "randomExcursionsTest": [0.295904, 0.009786, 0.099843, 0.23361, 0.280228,
        0.707842, 0.396973, 0.744459
    ],
    "randomExcursionsVariantTest": [0.0, 0.957523, 0.688795, 0.401099, 0.429086, 0.532795, 0.38081, 0.152953, 0.17997, 0.470298, 0.311378, 0.230415, 0.292538, 0.449424, 0.597031, 0.818984, 0.810578, 0.0]
}